environment,algorithm,id,time,steps,reward,episode_length,coins,flag_get,life,score,stage,status,time_remaining,world,x_pos
SuperMarioBros-v0,A3C,thirsty_austin,44.22074913978577,1419,757.0000000000166,517,1,False,256,200,1,small,0,1,434
SuperMarioBros-v0,A3C,thirsty_austin,105.92140293121338,3799,837.4999999999998,21,0,False,256,0,1,small,395,1,315
SuperMarioBros-v0,A3C,thirsty_austin,167.6631519794464,6184,837.4999999999998,21,0,False,256,0,1,small,395,1,315
SuperMarioBros-v0,A3C,thirsty_austin,229.44666504859924,8630,837.4999999999998,21,0,False,256,0,1,small,395,1,315
SuperMarioBros-v0,A3C,thirsty_austin,291.230525970459,10962,837.4999999999998,21,0,False,256,0,1,small,395,1,315
SuperMarioBros-v0,A3C,thirsty_austin,353.78030800819397,13114,837.4999999999998,21,0,False,256,0,1,small,395,1,315
SuperMarioBros-v0,A3C,thirsty_austin,415.5186960697174,15448,837.4999999999998,21,0,False,256,0,1,small,395,1,315
SuperMarioBros-v0,A3C,thirsty_austin,477.43649792671204,17774,837.4999999999998,21,0,False,256,0,1,small,395,1,315
SuperMarioBros-v0,A3C,thirsty_austin,539.3966159820557,20171,837.4999999999998,21,0,False,256,0,1,small,395,1,315
